Internal SKU,Primary EAN,Name,Quantity
01089,8034052801089,10 LAMPADINE BIANCO CALDO DA ESTERNO PROLUNGABILE 10M IN SCATOLA REGALO,8
97587,8034052897587,10 LAMPADINE BIANCO NATURALE DA ESTERNO PROLUNGABILE 10M IN SC.REGALO,6
14798,8056001114798,"10 LUCCIOLE SOLARI BIANCO CALDO CON 2 GIOCHI DI LUCE H.72CM 1,2V SC.REG",17
B80096,8006933071188,12 PASTIGLIE DI COCCO CON RETE ? 5 CM,13
B33316,8006933069406,12 VASETTI BIODEGRADABILI IN COCCO ? 6 CM,12
B80256,8006933071171,12 VASETTI BIODEGRADABILI IN COCCO 8 CM,20
B33306,8006933069413,16 VASETTI BIODEGRADABILI IN COCCO ? 8 CM,0
02819,8034052802819,20 LAMPADINE BIANCO NATURALE DA ESTERNO PROLUNGABILE 15M IN SCATOLA REGA,6
38071,8034052738071,20 LAMPADINE BIANCO NATURALE DA ESTERNO PROLUNGABILE 15M IN SCATOLA REGA,4
B33319,8006933069345,"24 PASTIGLIE DI COCCO CON RETE ? 3,5 CM",2
B33300,8006933069338,"24 PASTIGLIE DI COCCO SENZA RETE ? 3,5 CM",19
B33305,8006933069390,24 VASETTI BIODEGRADABILI IN COCCO ? 6 CM,19
B11126,8006933069277,"3 PIATTI IN POLISTIRENE 72 CELLE - 3 piatti 53 x 25 x 4,2 cm",10
B33301,8006933069352,"50 PASTIGLIE DI COCCO CON RETE ? 3,5 CM",11
14781,8056001114781,"6 LUCCIOLE SOLARI BIANCO CALDO CON 2 GIOCHI DI LUCE H.72CM 1,2V",22
X354000,8006933071706,AFIDI ml 250,0
X354004,8006933057533,AFIDI STOP 750 ml,0
BR0015,7898963695240,Água Termal para Orquídeas ml 250,0
Y708001,8006933057014,AIR SPRAY ml 400,1
6524,3121970122527,Aliette  150 g,0
E0166,8006933027123,ALISSO GIALLO NANO CESTO DORO,8
E0187,8006933027338,ALISSO NANO BIANCO TAPPETO DI NEVE,19
IT6003,8023868005200,Ammendante per concimazione di fondo 45L,23
GT001,3353090078419,ANABEL  tg 3/4  - Linea Bambini,13
GT002,3353090078426,ANABEL  tg 5/6  - Linea Bambini,18
ACI50,8023868005378,Anti-Cimici (Orto & Giardino) ml 50,0
AZT02,8023868004388,Anti-Zanzare Tigre e Mosche ml 400 (Nexa),0
PO007,8023868013304,Anticocciniglia Biopolysect PFnPO ml 800,0
X401402,8006933079092,ANTICOCCINIGLIA INSETTICIDA PFNPO ml 500,14
APP2,8023868004197,APPLAUD PLUS gr 100,0
APP1,8023868004180,APPLAUD PLUS gr 20,0
GT003,3353090099766,ARTHUR  tg 5/7 - Linea Bambini,10
TEST,802386800896602,ARTICOLO DI TEST,0
E0165,8006933027116,ASTRO BOUQUET IN MISCUGLIO,18
E0181,8006933027277,ASTRO DELLA CINA IN MISCUGLIO,19
E0160,8006933027062,ASTRO PRINCIPESSA,20
E0232,8006933027796,AUBREZIA CASCATA AZZURRA,12
GT004,3353090078433,AXEL tg 3/4 - Linea Bambini,14
GT005,3353090078440,AXEL tg 5/6 - Linea Bambini,20
6050,3121970157796,Azzurrante Ortensie (S) 800 gr,0
6588,3121970140217,Balsamo Cicatrizzante  350 g,0
GT006,3353090099896,BASIC tg 06,10
GT007,3353090099902,BASIC tg 07,10
GT008,3353090099919,BASIC tg 08,10
GT009,3353090099926,BASIC tg 09,10
GT010,3353090099933,BASIC tg 10,10
E0005,8006933025051,BASILICO ITALIANO CLASSICO,14
07707,8006933073267,BEE HAPPY ASCLEPIAS GIALLA,18
07703,8006933073229,BEE HAPPY ASCLEPIAS ROSA,17
07705,8006933073243,BEE HAPPY ASCLEPIAS ROSSA,19
07704,8006933073236,BEE HAPPY CARDO PALLOTTOLA,20
07708,8006933073274,BEE HAPPY ELENIO AUTUNNALE,20
07706,8006933073250,BEE HAPPY FACELIA,19
07712,8006933073311,BEE HAPPY FIORDALISO ALTO DIOPPIO MAUVE BALL,19
07711,8006933073304,BEE HAPPY FIORDALISO NANO DOPPIO POLKA,18
07709,8006933073281,BEE HAPPY IPOMEA PURPUREA LIGHT BLUE,20
07710,8006933073298,BEE HAPPY IPOMEA PURPUREA VENICE BLUE,19
07702,8006933073212,BEE HAPPY POLEMONIUM AZZURRO,20
07701,8006933073205,BEE HAPPY SALCERELLA,18
L311011,8006933076466,BIO AROMI ECO FRIENDLY ANETO,20
L311001,8006933076367,BIO AROMI ECO FRIENDLY BASILICO,13
L311010,8006933076459,BIO AROMI ECO FRIENDLY BORRAGINE,13
L311013,8006933076480,BIO AROMI ECO FRIENDLY CORIANDOLO,13
L311003,8006933076381,BIO AROMI ECO FRIENDLY ERBA CIPOLLINA,16
L311005,8006933076404,BIO AROMI ECO FRIENDLY FINOCCHIO SELVATICO,17
L311004,8006933076398,BIO AROMI ECO FRIENDLY LAVANDA,18
L311012,8006933076473,BIO AROMI ECO FRIENDLY MAGGIORANA,19
L311009,8006933076442,BIO AROMI ECO FRIENDLY ORIGANO,20
L311002,8006933076374,BIO AROMI ECO FRIENDLY PREZZEMOLO,19
L311007,8006933076428,BIO AROMI ECO FRIENDLY ROSMARINO,20
L311006,8006933076411,BIO AROMI ECO FRIENDLY SALVIA,17
L311014,8006933076497,BIO AROMI ECO FRIENDLY TARASSACO,19
L311008,8006933076435,BIO AROMI ECO FRIENDLY TIMO,14
L312006,8006933076558,BIO ORTO ECO FRIENDLY LATTUGA DA TAGLIO FOGLIA RICCIA,18
L312003,8006933076527,BIO ORTO ECO FRIENDLY MIX DI LATTUGE DA TAGLIO,19
L312002,8006933076510,BIO ORTO ECO FRIENDLY POMODORO CILIEGINO A GRAPPOLO,13
L312005,8006933076541,BIO ORTO ECO FRIENDLY RAVANELLO ROSSO,17
L312001,8006933076503,BIO ORTO ECO FRIENDLY RUCOLA COLTIVATA,17
L312004,8006933076534,BIO ORTO ECO FRIENDLY VALERIANA D'OLANDA A SEME GROSSO,18
GT011,3353090089477,BOHO tg 06,10
GT012,3353090089484,BOHO tg 07,10
GT013,3353090089491,BOHO tg 08,11
E0278,8006933028250,BONSAI DI PINO,8
GT014,3353090082454,CANADA tg 06,18
GT015,3353090078686,CANADA tg 07,15
GT016,3353090078693,CANADA tg 08,15
GT017,3353090078709,CANADA tg 09,17
GT018,3353090078716,CANADA tg 10,15
17273,8056001017273,CASSETTA IN METALLO 2 SCOMPARTI CON MANICO IN LEGNO 29X16X16.5CM ASSORTI,12
Y707001,8006933056994,CATNIP ml 250,11
IT6178,8023868004272,Cippato di Castagno 60 L,0
X354100,8006933071270,COCCINIGLIA ml 250,0
X354104,8006933054884,COCCINIGLIA STOP 750 ML,0
GT019,3353090015759,COLDPRO tg 08,10
GT020,3353090015766,COLDPRO tg 09,8
GT021,3353090015773,COLDPRO tg 10,10
GT022,3353090015780,COLDPRO tg 11,10
PE043,802386800828702,COMPO 3logy PFnPE ml 100,0
6105,3121970159035,Concime Pomodori (S) 800 gr,0
IT6170BIS,3121970149340,Corteccia Larice 20-45 60L,0
IT6153,3121970133509,Corteccia Pino Mari 15-25 60L,0
IT6154,3121970133516,Corteccia Pino Mari 25-40 60L,15
X354300,8006933071744,CRITTOGAME ml 250,0
E0286,8006933028335,DALIA A FIORE SEMPLICE IN MISCUGLIO,14
E0205,8006933027529,DELPHINUM PERENNE IN MISCUGLIO,18
GT114,3353090089453,DENIM tg 10,0
GT115,3353090089460,DENIM tg 11,0
GT111,3353090089422,DENIM tg 7,0
GT112,3353090089439,DENIM tg 8,0
GT113,3353090089446,DENIM tg 9,0
Y706001,8006933069567,DEODORANTE CUCCE ml 500,10
Y704001,8006933058103,Detergente 3 in 1,10
Y702003,5060494310028,DETERGENTE L 1,21
15428,8002840154280,DIAVOLINA 20 BUSTINE ULTRALIGHT,80
15330,8002840153306,DIAVOLINA ACC. GRILL NATURALE 24 acc.,175
15312,8002840153122,DIAVOLINA ACCEND. NATURALE 28 acc.,119
MK15420,8023868012246,"Diavolina Accendifuoco Accenditutto Ecologico, Offerta Multipack 13 confezioni",0
MK15510,8023868011621,Diavolina Accendifuoco BBQUBE in spuma solida Offerta Multipack 3 confezioni da 24 pezzi,0
MK15345,8023868010105,"Diavolina Accendifuoco Bio Gel per camini, Offerta Multipack 2 confezioni da 750ml",0
MK15300,8023868009611,"Diavolina Accendifuoco con etichetta richiudibile, Offerta Multipack 10 confezioni da 40 pezzi",0
MK15302,8023868010099,"Diavolina Accendifuoco con etichetta richiudibile, Offerta Multipack 6 confezioni da 80 pezzi",0
MK15317,8023868011348,Diavolina Accendifuoco Ecologico per accensioni naturali Offerta Multipack 3 confezioni da 100 pezzi,0
MK15312,8023868011362,"Diavolina Accendifuoco Ecologico, Offerta Multipack 10 confezioni da 28 pezzi",0
MK15361,8023868011324,"Diavolina Accendifuoco Ecoricci 100% vegetale, Offerta Multipack 2 confezioni da 1Kg",0
MK15364,8023868011317,"Diavolina Accendifuoco Ecoricci 100% vegetale, Offerta Multipack 3 confezioni da 50 pezzi",0
MK15332,8023868010631,"Diavolina Accendifuoco Ecoricci 100% vegetali, Offerta Multipack 3 confezioni da 24 pezzi",0
MK15335,8023868011461,Diavolina Accendifuoco formula Eco-sostenibile Offerta Multipack 3 confezioni da 48 pezzi,0
MK15337,8023868011379,"Diavolina Accendifuoco Green Power in bustine singole, Offerta Multipack 3 confezioni da 18 pezzi",0
MK15327,8023868011508,"Diavolina Accendifuoco in bustine singole, Offerta Multipack 5 confezioni da 16 pezzi",0
15430,8002840154303,DIAVOLINA ACCENDIFUOCO LIQUIDO INODORE 750ml.,98
MK15430,8023868011607,"Diavolina Accendifuoco liquido, formula inodore, Offerta Multipack 3 confezioni",0
MK15322,8023868011546,"Diavolina Accendifuoco liquido, non lascia odore sui cibi, Offerta Multipack 3 confezioni",0
MK15343,8023868011560,"Diavolina Accendifuoco Naturale Liquido, rispetta i sapori dei cibi, Offerta Multipack 2 confezioni",0
MK16550,8023868012239,Diavolina Accendifuoco Offerta Multipack 10 confezioni da 24 pezzi,0
MK15428,8023868011522,"Diavolina Accendifuoco UltraLight,  Offerta Multipack 5 confezioni da 20 pezzi",0
MK15425,8023868011485,"Diavolina Accendifuoco, Offerta Multipack 10 confezioni da 48 pezzi",0
MK15356,8023868011478,"Diavolina Accendifuoco, Offerta Multipack 3 confezioni da 85 pezzi",0
MK15341,8023868011386,"Diavolina Accendifuoco, Offerta Multipack 5 confezioni da 40 pezzi",0
MK15330,8023868011645,"Diavolina Accendigrill Ecologico per camini e BBQ, Offerta Multipack 5 confezioni da 24 pezzi",0
15322,8002840153221,DIAVOLINA ACCENDIGRILL LIQUIDO 750ml.,113
MK15320,8023868011577,"Diavolina Accendigrill Liquido, non lascia odori sui cibi, Offerta Multipack 3 confezioni",0
MK16585,8023868011911,"Diavolina Accenditore a gas ricaricabile, Offerta Multipack 3 confezioni",0
15420,8002840154204,DIAVOLINA ACCENDITUTTO,156
15550,8002840155508,DIAVOLINA ASTUCCIO TEALIGHT CITRONELLA 10pz.,29
15400,8002840154006,DIAVOLINA BELFUOCO,79
15555,8002840155553,DIAVOLINA BICCHIERE CITRONELLA,189
15504,8002840155041,"DIAVOLINA BRIQUETTE - 2,5kg.",81
MK15555,8023868012574,"Diavolina Candela Citronella Bicchiere, Offerta Multipack 3 Candele",0
MK15568,8023868012567,"Diavolina Candela Citronella Country Light 205 gr, Offerta Multipack 5 Candele",0
15030,8002840150305,DIAVOLINA CEPPO SPAZZACAMINO,26
15565,8002840155652,DIAVOLINA COCCIO CON FIACCOLA ?16,0
MK15565,8023868012635,"Diavolina Coccio con Torcia Citronella, Offerta Multipack 3 Pezzi",0
15568,800284015550802,DIAVOLINA COUNTRY LIGHT CITRONELLA,0
15364,8002840153641,DIAVOLINA ECO-RICCI  ACCEND. BOX 50,121
15361,8002840153610,DIAVOLINA ECO-RICCI SACCO 1 KG,16
15560,8002840155607,DIAVOLINA FIACCOLA ?16 cm CITRONELLA,108
15352,8002840153528,DIAVOLINA FIBRA GRILL,210
15337,8002840153375,DIAVOLINA GREEN POWER 18 maxi tavolette,65
15356,8002840153566,DIAVOLINA GREEN POWER BAG 85 acc. naturali,117
15343,8002840153436,DIAVOLINA GREEN POWER LIQUIDO 750ml.,73
15341,8002840153412,DIAVOLINA GREEN POWER NATURALE 40 acc.,185
15505,8002840155058,DIAVOLINA GRIGLIA & GETTA,90
15353,8002840153535,DIAVOLINA HEAVY ROLL PANNO CASA,71
16520,80768753,"DIAVOLINA LE TRE STELLE ""FAMILIARE ITALIA"" F.100",41
16505,8002840165057,"DIAVOLINA LE TRE STELLE ""MAXI BOX"" F.250",0
15317,8002840153177,DIAVOLINA NATURALE BOX 100 acc.,4
15376,8002840153764,DIAVOLINA OLIO NUTRIENTE LEGNO,105
15020,8002840150206,"DIAVOLINA PELLET SPAZZACAMINO Kg 1,5",0
15070,8002840150701,DIAVOLINA PIETRE E MATTONI Spray 500ml.,41
15350,8002840153504,DIAVOLINA PULITORE GRILL Spray 500ml.,53
15372,8002840153726,DIAVOLINA PULITORE LEGNO,101
15370,8002840153702,DIAVOLINA PULITORE PLASTICA,1
15500,8002840155003,"DIAVOLINA SACCO BRACE -  1,8kg.",87
15502,8002840155027,DIAVOLINA SACCO BRACE -  2x1kg.,89
15010,8002840150107,DIAVOLINA SPAZZACAMINO 5 bustine x 50gr.,15
15000,8002840150008,DIAVOLINA SPAZZACAMINO g 270,55
15035,8002840150350,DIAVOLINA SPAZZACAMINO Spray ml 450,123
15055,8002840150558,DIAVOLINA SUPERVETRO Ricambio 1000ml.,32
MK15550,8023868012871,"Diavolina Tealight Citronella da 10pz, Offerta Multipack 10 Confezioni",0
MK15560,8023868012864,"Diavolina Torcia Citronella, Offerta Multipack 5 Pezzi",0
55808,8034052855808,"DIFFUSORE DI ESSENZA ""BOTTIGLIA ESAGONALE"" AGRUMI di SICILIA ml 700",8
55846,8034052855846,"DIFFUSORE DI ESSENZA ""BOTTIGLIA ESAGONALE"" FIORI della CALIFORNIA ml 700",5
55815,8034052855815,"DIFFUSORE DI ESSENZA ""BOTTIGLIA ESAGONALE"" MELOGRANO ml 700",6
55792,8034052855792,"DIFFUSORE DI ESSENZA ""BOTTIGLIA ESAGONALE"" MUSCHIO ORIENTALE ml 700",9
12512,8023868012512,Diffusore di essenza + ricarica Lime e Basilico Bouquet,0
12499,8023868012499,Diffusore di essenza + ricarica Melograno Bouquet,0
12482,8023868012482,Diffusore di essenza + ricarica Olio d'Argan Bouquet,0
12505,8023868012505,Diffusore di essenza + ricarica Vaniglia e Rum Bouquet,0
99897,8056001099897,DIFFUSORE DI ESSENZA ARIA di FRAGOLINO ml 125,11
19956,8034052419956,DIFFUSORE DI ESSENZA CON BACCHETTI IN COTONE BOUGANVILLE E TALCO ml 125,0
96841,8056001096841,DIFFUSORE DI ESSENZA LIME e BASILICO ml 125,12
16507,8034052316507,DIFFUSORE DI ESSENZA MELOGRANO ml 125,12
16439,8034052316439,DIFFUSORE DI ESSENZA OLIO di ARGAN ml 125,19
99866,8056001099866,DIFFUSORE DI ESSENZA ROSSO DIVINO ml 125,12
99873,8056001099873,DIFFUSORE DI ESSENZA ROSSO PASSIONE ml 125,13
96858,8056001096858,DIFFUSORE DI ESSENZA VANIGLIA e RUM ml 125,19
SEM25,8023868005576,Dichondra repens g 500,0
Y700901,5060494310257,DOGKALM ml 250,9
GT084,3353090079348,DRYFEEL tg 07,15
GT085,3353090079355,DRYFEEL tg 08,15
GT086,3353090079362,DRYFEEL tg 09,15
GT087,3353090079379,DRYFEEL tg 10,15
Y421200,802386800793803,Dueci Fungicida PFnPO ml 500,0
TE015,8023868008157,ECO RESP. Terriccio Acidofile 45L,0
TE017,8023868008171,ECO RESP. Terriccio Orticole 45L,0
TE018,8023868008188,ECO RESP. Terriccio Orticole 70L,0
TE013,8023868008133,ECO RESP. Terriccio Trapianti e Rinvasi 45L,0
TE008,8023868008089,ECO RESP. Terriccio Universale 10L,0
TE009,802386800809602,ECO RESP. Terriccio Universale 20L,18
TE010,8023868008102,ECO RESP. Terriccio Universale 45L,0
TE011,8023868008119,ECO RESP. Terriccio Universale 70L,0
EME05,8023868005071,Emerald 125 ml 5,0
EME50,8023868005095,Emerald 125 ml 50,0
EPK30,8023868004524,Epik SL ml 100,0
EPK25,8023868004500,Epik SL ml 50,0
E0147,8006933026539,ERBA PER GATTI,12
X501600,8006933069116,ERBICIDA CONCENTRATO ml 500,36
X501501,8006933079115,ERBICIDA RTU L 1,38
ERC2,8023868004319,Ercole 1 Kg,0
ERC1,8023868004326,Ercole 250 gr,0
ERC03,8023868005590,Ercole g 500,0
GT133,3353090107010,EUGENE tg 4-6 - Linea Bambini,0
GT134,3353090107027,EUGENE tg 6-8 - Linea Bambini,0
6359,3121971387406,Evergreen Antistress 2 kg,67
SEM26,802386800557602,Evergreen Dichondra repens g 500,0
6215,3121970164619,Evergreen Diserbo  1 kg,0
6108,3121970173536,Evergreen Facile e Veloce Kg 1,16
6567,3121970142464,Evergreen Handy Green II,52
HANDYN,3121970183788,Evergreen Handy Green II,0
6357,3121971387024,Evergreen Mantenimento  4 kg,0
CON02,8023868004852,Evergreen Mantenimento Kg 2,3
6117,3121970173574,"Evergreen Mediterraneo Plus Kg 0,5",0
6118,3121970173598,Evergreen Mediterraneo Plus Kg 1,15
6122,3121970173611,Evergreen Ombra Kg 1,12
RIN06,8023868005279,Evergreen Rinverdente Kg 5 (4 sacchi),1
6106,3121970173512,Evergreen Ripara e Risemina g 500,0
CON01,8023868004838,Evergreen Semina kg 2,52
FR8101,3121970122299,Evergreen Spandiconcime Easy Green,0
EASYN,3121970183795,Evergreen Spandiconcime Easy Green,1
IT6569,3121970122305,Evergreen Spandiconcime Even Green,0
6113,3121970173550,Evergreen Sport e Gioco Kg 1,11
19452,8034052719452,FILO 40 LED COLORE BIANCO CALDO A BATTERIA DA ESTERNO CON 8 GIOCHI,48
19506,8034052719506,FILO 60 LED COLORE BIANCO CALDO A BATTERIA DA ESTERNO CON 8 GIOCHI,48
E0212,8006933027598,FIORI ANNUALI PER GIARDINI ROCCIOSI,20
E0203,8006933027505,FIORI PER TAPPETO ERBOSO IN MISCUGLIO,14
E0173,8006933027192,FIORI PERENNI PER GIARDINI ROCCIOSI,16
45181,8034052545181,FIORIERA IN LEGNO DA APPENDERE H.75X28X28 CM,12
X421200,802386800793802,Fito Fungicida PFnPO ml 500,0
MKX605051,8023868013113,"Fito Irri-gÃ² Classico, Offerta Multipack 3 Confezioni",0
MKX600401,8023868013137,"Fito Irri-gÃ² Plus Piante Verdi, Offerta Multipack 2 Confezioni",0
X605100,8006933079634,FITO IRRIGO' 4x ml 300,36
GT023,3353090089750,FLOWER tg 06,0
GT024,3353090089767,FLOWER tg 07,9
GT025,3353090089774,FLOWER tg 08,0
6405,3121970165999,Formiche Microgranuli pronto uso g 500,0
E0121,8006933026232,FRAGOLA DI BOSCO,20
E0122,8006933026249,FRAGOLA RAMPICANTE,24
6314,3121970160086,Freeze Anticimici ml 300,11
X354304,8006933054891,FUNGHI STOP 750 ML,0
IT6818,3121970156874,Fungusclear Ultra concentrato 100 ml,0
GT026,3353090065259,FUSHIA tg 06,10
GT027,3353090065266,FUSHIA tg 07,9
GT028,3353090065273,FUSHIA tg 08,8
CM020,8023868007730,"Garden Fert Giardino Kg 1,5",3
CM007,8023868006474,Garden Fert Giardino Kg 5,101
CM018,8023868007693,"Garden Fert Long Life Kg 1,5",0
6561,3121970165463,Garden Fert LongLife 5 Kg,0
GFL02,312197016546302,Garden Fert LongLife 5 Kg (4 sacchi),0
CM037,8023868008744,Garden Fert LongLife Giardino Kg 12 (pallbox - 30 sacchi) (**),13
CM005,8023868006436,Garden Fert LongLife Kg 5 (**),68
CM019,8023868007716,"Garden Fert Ready Kg 1,5",19
GFR10,8023868004593,Garden Fert Ready Kg 10,26
GFR06,8023868004586,Garden Fert Ready Kg 5 (4 pz),0
E0228,8006933027758,GAROFANO A PIUMINO A MISCUGLIO,15
GT029,3353090078457,GASTON tg 4/6 - Linea Bambini,0
GT030,3353090078464,GASTON tg 6/8 - Linea Bambini,10
E0233,8006933027802,GERANIO ZONALE,3
E0192,8006933027383,GIRASOLE DOPPIO NANO GIALLO,16
GT130,3353090101353,CHALEUR tg 10,4
GT129,3353090101346,CHALEUR tg 8,0
15345,8002840153450,I - DIAVOLINA  ACCENDIFUOCO BIO GEL ml 750,85
16550,8002840165507,I - DIAVOLINA ACCENDIFACILE,83
15300,8002840153009,I - DIAVOLINA ACCENDIFUOCO 40 cubi,170
15302,8002840153023,I - DIAVOLINA ACCENDIFUOCO 80 cubi,72
15425,8002840154259,I - DIAVOLINA ACCENDIFUOCO LIGNITE 48 cubi,49
15320,8002840153207,I - DIAVOLINA ACCENDIGRILL LIQUIDO lt 1,71
16585,8002840165859,I - DIAVOLINA ACCENDITORE A GAS,120
15510,8002840155102,I - DIAVOLINA BBQUBE 24 acc. in spuma solida,216
15332,8002840153320,I - DIAVOLINA ECO-RICCI  24 acc.,143
16510,8002840165101,I - DIAVOLINA FIAMMIFERONI IN CILINDRO 45 pz,0
15335,8002840153351,I - DIAVOLINA GREEN POWER 48 cubi,190
16500,8002840165002,"I - DIAVOLINA LE TRE STELLE ""CUCINA"" F.60",78
16515,8002840165156,"I - DIAVOLINA LE TRE STELLE ""FIAMMIFERONE"" F.45",0
15327,8002840153276,I - DIAVOLINA LIGNITE 16 accensioni Maxi,0
16590,8002840165903,I - DIAVOLINA MAXI ACCENDINI BLISTER 1x2,70
16592,8002840165927,I - DIAVOLINA MAXI ACCENDINI BLISTER 1x3,78
16570,8002840165705,I - DIAVOLINA MINI ACCENDINI BLISTER 1x2,135
16575,8002840165750,I - DIAVOLINA MINI ACCENDINI BLISTER 1x3,75
15040,8002840150404,I - DIAVOLINA PIASTRE E FORNELLI gr 50,114
15365,8002840153658,I - DIAVOLINA RIFORNELLO GEL RICARICA 3 PEZZI,58
15360,8002840153603,I - DIAVOLINA RIFORNELLO GEL+FORNELLETTO 3 RICARICHE,116
15050,8002840150503,I - DIAVOLINA SUPERVETRO Spray ml 500,38
VES02,8023868004395,I - Nexa Anti-Vespe Rapido ml 600,44
BC005,8023868013328,I - Nexa Anti-Vespe Rapido ml 750,0
PM010,8023868007174,I - Nexa Svuotamento Totale ml 150,31
PM021,802386800397802,I - Nexa Svuotamento Totale ml 150,0
PM005,8023868006511,I - Nexa Vespe e Calabroni schiumogeno ml 750,58
59896,8008090603226,I - SPIRA SPRAY SPAZI APERTI ml 500,108
E0199,8006933027468,IMPATIENS O FIOR DI VETRO IN MISCUGLIO,17
IT6624,3121970162165,Insetti Molesti ml 250,0
X600601,8006933055058,Irri-go Plus Piante Fiorite ml 1000,0
X600401,8006933058608,Irri-go Plus Piante Verdi ml 1000,267
BR0024,7898963695257,Irriga Facil ml 300,99
X605051,8006933055065,Irrigo Classico ml 300,1904
CM001,8023868005750,KB Agrumi 1 L,15
CM042,8023868008911,KB Agrumi e Olivi g 800,0
CM027,8023868007877,KB Antistress 2 kg,14
6589,3121970140231,KB Balsamo Cicatrizzante 1 kg,0
4466,3121970128642,KB Bastoncini Piante Fiorite 40 pz 34 g,96
4465,3121970128628,KB Bastoncini Piante Verdi 40 pz 34 g,22
D6390,312197016438102,Kb BioPolysect AL (NE) ml 800,36
NFL-D6390,312197016438103,Kb BioPolysect AL (NO FRONT LABEL) ml 800,0
D6391,3121970164404,Kb BioPolysect SL ml 100,15
6504,312970173338,KB Cactus e Bonsai ml 250,0
6095,3121970186420,KB Cactus e Bonsai NF ml 250,13
6401,3121970186123,Kb Combineo Piante ml 800,33
6091,3121970186345,KB Concime Acidofile NF Lt 1,15
6076,3121970158953,KB Concime Agrumi e Olivi (S) 800 gr,19
6124,3121970201321,Kb Concime Agrumi g 650,0
6543,3121970173413,KB Concime Agrumi NF Lt 1,34
6038,3121970157710,KB Concime Conifere e Arbusti (S) 800 gr,0
6130,3121970201505,Kb Concime Cycas e Palme g 650,0
6079,3121970159011,KB Concime Fragole (S) 800 gr,0
CM002,8023868006184,KB Concime Liquido Sangue di Bue Kg 1,46
6077,3121970158977,KB Concime Ortensie (S) 800 gr,128
6404,3121970186185,KB Concime Performance Organics Agrumi e Piante Mediterranee gr 700,29
6409,3121970186208,KB Concime Performance Organics Orticole gr 700,30
6403,3121970186161,KB Concime Performance Organics Universale gr 700,30
6036,3121970157758,KB Concime Piante da Fiore 800 gr,60
6126,3121970201383,Kb Concime Piante da Fiore g 650,0
6090,3121970186321,KB Concime Piante da fiore NF Lt 1,25
6078,3121970158991,KB Concime Rose (S) 800 gr,102
6125,3121970201352,Kb Concime Rose e Acidofile g 650,0
6073,3121970158939,KB Concime Universale (S) 800 gr,79
6127,3121970201413,Kb Concime Universale g 650,0
6128,3121970201444,"Kb Concime Universale Kg 1,5",0
6089,3121970186307,KB Concime Universale NF Lt 1,60
6546,3121970173437,KB Cycas e Palme Lt 1,0
CM043,8023868013311,KB Cycas e Palme Lt 1,74
SM002,8023868006283,Kb Dichondra repens g 100,76
SM003,8023868007952,Kb Dichondra repens g 250,46
CM015,3121970130829,KB Ferrochelato (20g x 5 pz) gr 100,64
CM016,3121970135923,KB FerroChelato (20gr x 44 pz) 20 g,0
IT6998,312197013592302,KB FerroChelato (20gr x 88 pz) 20 g,0
ITBIOFU800,3121970180862,KB Fungicida Ultra PFnPO ml 800,0
6489,3121970173260,KB Gerani e Piante Fiorite Lt 1,0
HFA1,8023868004128,KB Hydrofood Agrumi gr 400,55
CM014,8023868006931,KB Hydrofood Universale Kg 1,63
SP007,8023868008072,KB Idratante Orchidee ml 250,16
6208,3121970159479,KB Idratante Orchidee ml 300,0
IOR01,8023868005149,KB Integratore Orchidee (6x32ml),29
IPE01,8023868005156,KB Integratore Peperoncini (6x35ml),39
IUN01,8023868005132,KB Integratore Universale (6x35ml),9
D6347,312197016457202,Kb Limex (NE) g 450,0
6241,3121970150384,KB Lucidante Fogliare 600 ml,32
KBSOS80,3121970179637,KB Magic Prato Kg 4,63
CM023,8023868007792,Kb Mantenimento 2 kg,32
CM024,8023868007815,Kb Mantenimento Kg 5 (cartone),3
KSOL20,312197017357402,KB Mediterraneo Plus g 500,0
SM006,8023868013397,KB Mediterraneo Plus gr 500,0
SM007,8023868013403,KB Mediterraneo Plus Kg 1,0
KSOL40,312197017359802,KB Mediterraneo Plus Kg 1,22
6532,3121970173352,KB Orchidee ml 250,5
6094,3121970186406,KB Orchidee NF ml 250,41
6490,3121970173314,KB Piante Acidofile Lt 1,2
6929,3121970134506,KB Piante Fiorite 30 pz 30 g,0
6928,3121970134490,KB Piante Verdi 30 pz 30 g,0
6479,3121970173291,KB Piante Verdi Lt 1,47
6092,3121970186369,KB Piante Verdi NF Lt 1,13
KOMBR28,312197017361102,KB Prato Ombra Kg 1,18
PRC2,8023868002858,KB PROCAL ml 200,20
KRESI40,312197017355002,KB Resistente al calpestio Kg 1,10
CM009,8023868006245,Kb Rinverdente 2 kg,69
6028,3121970158854,KB Rinverdente KB 200 ml,68
KRIPA25,312197017351202,KB Ripara e risemina g 500,0
SM010,8023868013434,KB Ripara e Risemina gr 500,0
KREGFAC50,312197017353602,KB Ripara e risemina Kg 1,0
SM011,8023868013441,KB Ripara e Risemina Kg 1,0
KREGFAC100,3121970179538,KB Ripara e risemina Kg 2,14
TO002,8023868005859,KB Rodenticida in Blocchi g 300,7
TO003,8023868005873,KB Rodenticida in Grani g 150,0
TO001,8023868005835,KB Rodenticida in Pasta g 150,0
SM008,8023868013410,KB Rustico e resistente Kg 1,0
SM009,8023868013427,KB Rustico e resistente Kg 3,0
KRUST35,3121970179552,KB Rustico g 875,20
KRUST150,3121970179200,"KB Rustico Kg 3,750",24
CM026,8023868007853,KB Semina & Rigenerazione 2 kg,12
SM004,8023868013373,KB Sole e Ombra Kg 1,0
SM005,8023868013380,KB Sport e Gioco Kg 1,0
IT6634,3121970122886,KB Terriccio Acidofile 20L,0
IT6635,3121970122893,KB Terriccio Acidofile 45L,0
IT6630,3121970122855,KB Terriccio Gerani 20L,0
IT6631,3121970122862,KB Terriccio Gerani 45L,0
IT6627,3121970122824,KB Terriccio Universale 20L,0
IT6628,3121970122831,KB Terriccio Universale 45L,0
IT6629,3121970122848,KB Terriccio Universale 70L,0
SM001,8023868006269,Kb Trifoglio Nanissimo g 100,37
ITBIOCO800,3121970196696,KB Tripla azione (Protezione Totale) PFnPO ml 800,0
KDNES35,3121970179514,KB Ultra Folto g 875,26
NUN2,802386800350302,KB UNISTAR 1 lt,26
CM028,8023868003503,KB Unistar Plus Lt 1,1
6430,3121970173239,KB Universale Lt 1,15
6533,31219701733,KB Universale ml 250,0
6096,3121970173376,KB Universale NF ml 250,1
KT003,8023868012253,Kit Agrumi,7
B000012,8023868013175,Kit City Garden Blumen,6
KT001,8023868009857,Kit Orchidee,4
B000001,8023868013151,Kit Orto sul Balcone Blumen,0
KT002,8023868011713,Kit Piante Grasse,10
B000013,8023868013182,Kit Red Passion - Miniserra Blumen,0
B000009,8023868013144,Kit Salviamo le Api Blumen,0
B000007,8023868013168,Kit Spice my Day Blumen,7
DMS0104,7898963695387,Lambda Garden ml 500,0
DMS0105,7898963695394,Lambda Home ml 500,0
IT6171BIS,3121970149357,Lapillo Vulcanico 33L,16
E0055,8006933025556,LATTUGA DA TAGLIO BIONDA A FOGLIA LISCIA,17
LTO01,8023868005538,Lieto SC ml 500,0
GT131,3353090111789,LISON tg 4/6 - Linea Bambini,24
GT132,3353090111796,LISON tg 6/8 - Linea Bambini,2
6591,312197015038402,Lucidante Fogliare  600 ml,0
E0183,8006933027291,MARGHERITA A POMPON,20
E0190,8006933027369,MARGHERITINA SELVATICA BIANCA DEI PRATI,13
GT031,3353090078471,MARGOT tg 4/6 - Linea Bambini,0
GT032,3353090078488,MARGOT tg 6/8 - Linea Bambini,0
GT033,3353090073186,MAXFEEL tg 07,14
GT034,3353090073193,MAXFEEL tg 09,0
GT035,3353090099834,MAXGRIP tg 07,15
GT036,3353090099841,MAXGRIP tg 09,13
GT037,3353090083727,MAXIMA F tg 07,0
GT038,3353090083734,MAXIMA F tg 08,0
GT039,3353090083963,MAXIMA H tg 08,14
GT040,3353090083741,MAXIMA H tg 09,0
GT041,3353090083758,MAXIMA H tg 10,0
TE001/CL,802386800636802,MAXIMO Substrato Universale 10L,0
TE001,8023868006368,MAXIMO Substrato Universale 10L,43
TE002,8023868006375,MAXIMO Substrato Universale 20L,19
TE003,8023868006382,MAXIMO Substrato Universale 45L,17
TE004,8023868006399,MAXIMO Substrato Universale 70L,0
GT042,3353090083826,MAXTEEN F-I tg U,15
GT043,3353090083833,MAXTEEN G-I tg U,6
GT044,3353090099995,MAXTOP tg 07,14
GT045,3353090100004,MAXTOP tg 08,8
GT046,3353090100011,MAXTOP tg 09,10
GT047,3353090100028,MAXTOP tg 10,10
E0274,8006933028212,MELANGE DI FIORI ESTIVI BU,19
E0282,8006933028298,MESEMBRIANTEMO,20
GT123,3353090106983,MIDSEASON tg 10,0
GT124,3353090106990,MIDSEASON tg 11,0
GT125,3353090107003,MIDSEASON tg 12,0
GT120,3353090106952,MIDSEASON tg 7,0
GT121,3353090106969,MIDSEASON tg 8,0
GT122,3353090106976,MIDSEASON tg 9,0
16254,3121970161229,Mini - Trappola in Legno per Topi,0
16292,3121970161205,Mini - Trappola in Polistirene per Topi,0
B45700,8006933069291,MINI SERRA LARGE,8
B45203,8006933069314,MINI SERRA SMALL,8
B80034,8006933071164,MINI SERRA SMALL,20
B11103,8006933069321,"MINISERRA + 10 PASTIGLIE IN COCCO CON RETE ? 3,6 CM",19
B80430,8006933071140,"MINISERRA + 24 PASTIGLIE IN COCCO CON RETE ? 3,5 CM",10
MSM1,8023868001875,MOST MICRO ml 100  (*),0
6017,3121970191202,Naturen Aceto Diserbante Multiuso Lt 1,15
6018,3121970191547,Naturen Aceto Diserbante Multiuso Lt 5,15
MK6017,8023868012550,"Naturen Aceto Diserbante Multiuso, Offerta Multipack 2 confezioni",0
6381,3121970169249,Naturen Agrumi e Piante Mediterranee Lt 1,0
6365,3121970169188,"Naturen Attivatore di Compostaggio Kg 1,5",44
SP001,8023868005712,Naturen Barriera per Lumache Kg 2,43
6354,3121970169164,Naturen Bastoncini Nutritivi 20 pz,45
6390,3121970164381,Naturen BioPolysect AL ml 800,28
6868,3121970169362,Naturen Concime Agrumi e Piante Mediterranee g 750,48
6547,3121970173451,Naturen Concime Aromatiche Lt 1,35
6332,3121970169126,"Naturen Concime Granulare Universale Kg 1,5",0
6864,3121970169324,Naturen Concime Ortaggi & Aromatiche g 750,43
6867,3121970169485,Naturen Concime Ortensie e Acidofile g 750,73
6338,3121970169140,Naturen Concime Orto Kg 4,0
6865,3121970169348,Naturen Concime per Frutti g 750,40
6866,3121970169461,Naturen Concime Rose e Arbusti g 750,95
6870,3121970169447,Naturen Corno Torrefatto Kg 1,69
6343,3121970168525,Naturen Estratto d Ortica Lt 1,64
SENORTIPAL,3121970179453,Naturen Estratto d Ortica RTU ml 750,28
6623,3121970168402,Naturen Formiche Granuli g 250,0
CAR05,3121970149364,Naturen Granulare Organico Pellettato 5 Kg (Cartone),31
NSACPR02,3121970178609,Naturen Kit Ripristino per Processionaria del Pino,22
6347,312197016457,Naturen Limex g 450,0
CM003,8023868006207,Naturen Lupini Macinati g 750,52
CM004,8023868006221,Naturen Lupini Macinati Kg 2,19
6371,3121970169225,Naturen Orticole Lt 1,0
6542,3121970169,Naturen Orticole Lt 1,0
6366,3121970169201,Naturen Sangue Secco Kg 1,50
6869,3121970169409,Naturen Sapone Molle a base di Olio di Oliva ml 750,58
6808,3121970143843,Naturen Terriccio Ammendante Orto e Frutteto 40 L,0
NPROCES2,3121970178463,Naturen Trappola per Processionaria del Pino,20
6386,3121970169263,Naturen Trappole Adesive Gialle pz 7,3
PM001,8023868005736,Naturen Zanzare ml 100,0
GT048,3353090015414,NERINE tg 06,20
GT049,3353090015421,NERINE tg 07,19
GT050,3353090015438,NERINE tg 08,10
PM004,8023868005958,Nexa  DEADYNA ml 100,13
CMC01,8023868004944,Nexa Anti-Cimici ml 250,0
PM011,8023868003978,Nexa Barriera ml 600,0
SP004,8023868006320,Nexa Cimici dei Letti (senza insetticida) ml 500,89
DDN3,8023868002919,Nexa DEADYNA ml 1000,0
DDN02,8023868004708,Nexa DEADYNA ml 500,0
PM017,8023868007655,Nexa DEADYNA NF ml 1000,0
PM016,8023868007631,Nexa Deadyna NF ml 500,0
PM018,8023868007686,Nexa Esca Scarafaggi (6 pz),6
6754,3121970162240,Nexa Formiche Esca  2 x 10 gr,0
BC009,8023868013540,Nexa Formiche Esca  2 x 10 gr - BIPACCO,0
6110,3121970196757,Nexa Formiche Esca  2 x 10 gr - NUOVO,111
6754P,3121970181661,Nexa Formiche Esca  4 x 10 gr,0
6060,3121970196542,Nexa Formiche Gel g 10 - NUOVO,21
6378,3121970164305,Nexa Formiche Gel g 30,0
6788,3121970168679,Nexa Formiche Granuli g 250,0
6789,3121970168693,Nexa Formiche Granuli g 800,0
6052,3121970197532,Nexa Formiche Granuli Solubili g 250 - NUOVO,90
6029,3121970196481,Nexa Formiche Granuli Solubili g 800 - NUOVO,57
FGS1,8002297081023,Nexa FOVAL gel scarafaggi gr 5,0
BC003,8023868008737,Nexa Giardino RTU 750 ml,16
6063,3121970198867,Nexa Hortex Multinsetto ml 400,0
PM015,8023868007426,Nexa Insetti Molesti ml 250,49
SP005,8023868006344,Nexa Insetti Striscianti (senza insetticida) ml 500,79
6981,3121970154771,Nexa Insetti Striscianti e Volanti 750 ml,36
NFL-6981,312197015477102,Nexa Insetti Striscianti e Volanti 750 ml - NO FRONT LABEL,0
PM009,8023868006641,Nexa Insetticida concentrato striscianti e volanti ml 250 (Deltabios),0
PM022,8023868012277,Nexa Insetticida ml 100,0
PM020,8023868008812,Nexa Insetticida ml 1000,38
PM019,8023868008805,Nexa Insetticida ml 250,24
MK6305,8023868012833,"Nexa Insetticida per Larve di zanzara in capsule solubili, Offerta Multipack 2 Confezioni",0
MKBC001,8023868012826,"Nexa Insetticida Zanzare Giardino e Casa RTU, Offerta Multipack 2 Confezioni",0
6305,3121970178258,Nexa Larve di Zanzara - capsule solubili (30 caps),59
SP002,8023868005774,Nexa Larve di Zanzara ml 50,0
BC002,8023868005644,Nexa Scarafaggi siringa gr 5,54
TCS1,802386800397803,Nexa TAC SPRAY ml 150,0
6951,3121970142945,Nexa Trappola Scarafaggi 1 x  5 pz,28
BC004,8023868012284,Nexa Ultra-insetticida ml 250,115
PM007,8023868006603,Nexa Zanzare Concentrato ml 250 (Deltabios),0
PM002,8023868005798,Nexa Zanzare Concentrato ml 50,0
PM006,8023868006580,Nexa Zanzare Concentrato ml 50 (Deltabios),0
PM003,8023868005811,Nexa Zanzare Concentrato ml 500,0
PM008,8023868006627,Nexa Zanzare Concentrato ml 500 (Deltabios),0
6304,3121970178234,Nexa Zanzare e Insetti Volanti (senza insetticida) ml 500,29
6304/CL,312197017823402,Nexa Zanzare e Insetti Volanti (senza insetticida) ml 500 - NO FRONT LAB,0
PM014,8023868007419,Nexa Zanzare ml 1000,7
PM012,8023868007396,Nexa Zanzare ml 250,32
PM013,8023868007402,Nexa Zanzare ml 500,5
BC001,8023868005668,Nexa Zanzare RTU 750 ml,29
GT051,3353090089675,NUDE tg 06,0
GT052,3353090089682,NUDE tg 07,0
GT053,3353090089699,NUDE tg 08,0
PE005,8023868006535,Nufos 5G Kg 1,0
GT054,3353090089507,ONE4ALL tg 07,0
GT055,3353090089514,ONE4ALL tg 08,14
GT056,3353090089521,ONE4ALL tg 09,5
GT057,3353090089538,ONE4ALL tg 10,0
GT058,3353090089545,ONE4ALL tg 11,0
BR0013,7898963695196,Orquídeas  - Fertilizante  Líquido ml 250,0
SEOSCIT,3121970182842,Osmocote Agrumi 750 gr,25
6250,3121970151114,Osmocote Agrumi 750 gr,0
SEOSHOR,3121970182828,"Osmocote Ortensie, Rododendri, Azalee, Camelie 750 gr",23
6249,3121970151091,"Osmocote Ortensie, Rododendri, Azalee, Camelie 750 gr",0
SEOSROS,3121970182866,Osmocote Piante Fiorite g 750,38
6221,3121970177619,Osmocote Rose e Arbusti da fiore g 750,0
SEOSTAB,3121970182903,Osmocote Tabs g 110 (25 tabs),36
6248,3121970151077,Osmocote Universale 750 gr,0
SEOSUNI,3121970182804,Osmocote Universale 750 gr,53
E0413,8006933056390,PAPAVERO PAEONIFLORUM DOPPIO IN MISCUGLIO,15
E0464,8006933073656,PEPERONCINO ORNAMENTALE,18
E0076,8006933025761,PEPERONCINO PICCANTE DI CAYENNA,9
E0246,8006933027932,PETUNIA IBRIDA PENDULA IN MISCUGLIO,15
E0220,8006933027673,PIANTE CACTACEE,19
X422002,8006933077982,PIRETRO RTU ml 750,35
GT126,3353090111376,PLANT tg 7,0
GT127,3353090111383,PLANT tg 8,0
GT128,3353090111390,PLANT tg 9,26
E0081,8006933025815,POMODORO CILIEGINO,17
16765,8034052716765,PORTAZAMPIRONE IN METALLO H.17X16X15CM ASSORTITO,15
E0156,8006933027024,PORTULACA,2
E0261,8006933028083,PRATO GIAPPONESE ALTO IN MISCUGLIO,17
E0196,8006933027437,PRATO GIAPPONESE NANO IN MISCUGLIO,0
IT6163,3121970149272,Prem. Substrato KB Acidofile 20L,16
IT6164,3121970149289,Prem. Substrato KB Acidofile 45L,27
IT7071,8023868004067,Prem. Substrato KB Acidofile 70L,0
TE005,8023868006405,Prem. Substrato KB Agrumi 20L,14
IT7070,8023868004050,Prem. Substrato KB Agrumi 45L,0
IT7072,8023868004074,Prem. Substrato KB Orchidee 10L,8
IT6200,8023868004678,Prem. Substrato KB Ortaggi 45L,47
IT6161,3121970149258,Prem. Substrato KB Piante Fiorite 20L,17
IT6162,3121970149265,Prem. Substrato KB Piante Fiorite 45L,7
IT6150,3121970133554,Prem. Substrato KB Piante Grasse 5L,9
IT6005,3121970147483,Prem. Substrato KB Rinvaso 45L,14
IT6172,8023868004081,Prem. Substrato KB Rinvaso 70L,0
IT6158,3121970149227,Prem. Substrato KB Univ. 20L,25
IT6159,3121970149234,Prem. Substrato KB Univ. 45L,23
IT6160,3121970149241,Prem. Substrato KB Univ. 70L,0
TE007,8023868006429,Prem. Substrato Semina e Trapianti 70L,0
TE006,8023868006412,Prem. Substrato Tapp.Erb. 20L,0
IT6165BIS,3121970149296,Prem. Substrato Tapp.Erb. 45L,9
IT6155BIS,8023868004098,Prem. Substrato Tapp.Erb. 70L,0
E0089,8006933025891,PREZZEMOLO COMUNE,14
GT059,3353090078518,PROSPER tg 3/6 - Linea Bambini,24
GT060,3353090089781,PROTECTMAX tg 07,14
GT061,3353090089798,PROTECTMAX tg 08,12
GT062,3353090089804,PROTECTMAX tg 09,9
GT063,3353090089811,PROTECTMAX tg 10,12
IT6997,312197013082902,REFER (20g x 5 pz) gr 100,0
82067,8002840820673,Respira Candela Fiori di Cotone,11
82066,8002840820666,Respira Candela Frutti di Bosco,14
82077,8002840820772,Respira Candela Giara Frutti di Bosco,15
82078,8002840820789,Respira Candela Giara Mandarino & Zenzero,8
82079,8002840820796,Respira Candela Giara Mela & Cannella,2
82076,8 002840 820765,Respira Candela Giara Vaniglia,0
82065,8002840820659,Respira Candela Mela & Cannella,14
82069,8 002840 82067302,Respira Candela Melagrana,0
82064,8 002840 82061104,Respira Candela Profumata Cannella,0
82061,8 002840 820611,Respira Candela Profumata Gelsomino,0
82062,8 002840 82061102,Respira Candela Profumata Mandarino e Zenzero,0
82063,8 002840 82061103,Respira Candela Profumata Pompelmo Rosa,0
82060,8002840820604,Respira Candela Profumata Vaniglia,16
82075,8 002840 820758,Respira Candela Zucca & Pan di Zenzero,0
82068,08002840053705,Respira Candele Profumate Miste Promo Pack (4pz),0
82022,8002840820222,RESPIRA CLASS AQUA,62
82029,800284082004804,RESPIRA CLASS Cartone Assortito,0
82024,8002840820246,RESPIRA CLASS FLORAL,60
82020,8002840820208,RESPIRA CLASS PARFUME DE LAVANDE,64
82044,800284082044402,RESPIRA FLEURS BOUQUET,0
82049,800284082004805,RESPIRA FLEURS Cartone Assortito,0
82040,8002840820406,RESPIRA FLEURS LAVANDA IN FIORE,49
82042,8002840820420,RESPIRA FLEURS OCEANO,32
82116,8 002840 82116 8,Respira Profumatore Cubo Agrumi Frizzanti,0
82114,8 002840 82114 4,Respira Profumatore Cubo Melagrana Antica,0
82112,8 002840 82112 0,Respira Profumatore Cubo Polvere di Talco,0
82110,8 002840 82110 6,Respira Profumatore Cubo Vaniglia Intensa,0
82002,8002840820024,RESPIRA SEQUOIA  AQUA,41
82009,800284082004802,RESPIRA SEQUOIA Cartone Assortito,0
82004,8002840820048,RESPIRA SEQUOIA FLORAL,61
82006,8002840820444,Respira Sequoia Mela & Cannella - Limited Edition,52
82000,8002840820000,RESPIRA SEQUOIA PARFUME DE LAVANDE,56
82008,8002840820086,Respira Sequoia Pino - Limited Edition,0
82010,800284082008602,Respira Sequoia Vaniglia - Limited Edition,0
24356,8034052424356,RICARICA PER DIFFUSORE DI ESSENZA BOUGANVILLE E TALCO ml 500,0
28203,8034052328203,RICARICA PER DIFFUSORE DI ESSENZA EUCALIPTO ml 500,3
28968,8034052328968,RICARICA PER DIFFUSORE DI ESSENZA FRAGOLINO ml 500,8
28234,8034052328234,RICARICA PER DIFFUSORE DI ESSENZA FRUTTI DI BOSCO ml 500,6
28999,803405232898202,RICARICA PER DIFFUSORE DI ESSENZA ROSSO DIVINO ml 500,9
28982,8034052328982,RICARICA PER DIFFUSORE DI ESSENZA ROSSO PASSIONE ml 500,23
96865,8056001096865,RICARICA x DIFFUSORE DI ESSENZA LIME e BASILICO ml 500,16
28197,8034052328197,RICARICA x DIFFUSORE DI ESSENZA MELOGRANO ml 500,0
28128,8034052328128,RICARICA x DIFFUSORE DI ESSENZA OLIO di ARGAN ml 500,4
96872,8056001096872,RICARICA x DIFFUSORE DI ESSENZA VANIGLIA e RUM ml 500,7
6360,3121971387345,Rinverdente 2 kg,0
GT088,3353090077139,RONCIER tg 07,9
GT089,3353090073346,RONCIER tg 08,10
GT090,3353090073353,RONCIER tg 09,5
GT091,3353090073360,RONCIER tg 10,9
GT092,3353090073377,RONCIER tg 11,10
GT064,3353090089620,ROOTS tg 07,3
GT065,3353090089637,ROOTS tg 08,10
GT066,3353090089644,ROOTS tg 09,5
GT067,3353090089651,ROOTS tg 10,10
GT068,3353090089668,ROOTS tg 11,10
GT093,3353090099957,ROSERAIE tg 07,10
GT094,3353090099964,ROSERAIE tg 08,8
GT095,3353090099971,ROSERAIE tg 09,8
GT096,3353090099988,ROSERAIE tg 10,10
IT6622,312197013436002,Roundup Bioflow  280 ml,0
IT6621,312197013435302,Roundup Bioflow 100 ml,0
IT6620,541177313331702,Roundup Bioflow ml 500,0
IT6625,5411773146430,Roundup Gel ml 100,0
ITRUPA500,3121970194593,Roundup PFnPE ml 500,0
ITR6627,5411773146416,Roundup Rapido RTU Lt 1,0
ITRUPA1,3121970194616,Roundup RTU Lt 1,12
DIT6622N,3121970134360,Roundup Seven  280 ml,0
DIT6621N,3121970134353,Roundup Seven 100 ml,0
DIT6620N,5411773133317,Roundup Seven ml 500,0
25632,8034052225632,Sassi grandi per decorazione colore bianco gr 1000,48
25618,8034052225618,Sassi piccoli per decorazione colore bianco gr 1000,47
GT069,3353090073292,SEQUOIA tg 07,10
GT070,3353090073308,SEQUOIA tg 08,10
GT071,3353090073315,SEQUOIA tg 09,8
GT072,3353090073322,SEQUOIA tg 10,10
GT073,3353090073339,SEQUOIA tg 11,10
00555,8034052500555,SET 2 LANTERNE IN LEGNO E METALLO (30X30XH.76 CM) (22X22X57 CM),2
15699,8056001015699,SET 3 ATTREZZI DA GIADINAGGIO IN METALLO DECORATO ASSORTITI SCATOLA REG,0
09152,8056001109152,"SET 3 VASI FIORI IN CERAMICA DIAM.16,5XH.16,5CM,  DIAM.13,5XH.13,5CM,DIA",6
09176,8056001109176,"SET 3 VASI FIORI IN CERAMICA DIAM.16,5XH.16,5CM,  DIAM.13,5XH.13,5CM,DIA",5
00334,8034052800334,SET 3 VASI IN CEMENTO 18X18X17CM / 14.5X14.5X13.5CM / 11.5X11.5X11CM,2
00365,8034052800365,SET 3 VASI IN CEMENTO DIAM.19X17.5CM / DIAM.15.5X15CM / DIAM.12X12CM,1
BL0001,8006933069901,SIRINGA SEMINATRICE pz 1,0
GT080,3353090620076,SNITRILE tg 07,15
GT081,3353090620083,SNITRILE tg 08,15
GT082,3353090620090,SNITRILE tg 09,5
GT083,3353090620106,SNITRILE tg 10,11
GT097,3353090100400,SOLIDO tg 08,9
GT098,3353090100417,SOLIDO tg 09,10
GT099,3353090100424,SOLIDO tg 10,8
GT100,3353090100431,SOLIDO tg 11,10
GT074,3353090099773,SOULDIER F tg 06,30
GT075,3353090099827,SOULDIER F tg 07,10
GT076,3353090099797,SOULDIER F tg 08,29
GT077,3353090099803,SOULDIER H tg 08,9
GT078,3353090099810,SOULDIER H tg 09,10
GT079,335309009982702,SOULDIER H tg 10,0
47931,8008090602106,SPIRA 12 FOGLIETTI ANTI TARME,173
54038,8008090602908,SPIRA ANTI TARME ALIMENTARE,163
76158,8008090606944,SPIRA BABY HELLO KITTY CEROTTO PROTEZIONE BAMBINI,0
76159,8008090606951,SPIRA BABY HELLO KITTY LOZ. REPELLENTE NATURALE 100 ML,86
76157,8008090606937,SPIRA BABY HELLO KITTY PENNA GEL DOPOPUNTURA NAT. ml 20,44
76156,8008090606920,SPIRA BABY HELLO KITTY SALVIETTE NATURALI 15 PZ,0
86229,8008090607644,SPIRA BIUSO,76
10614,8008090078116,SPIRA BIUSO BASE S/INT sf.,144
81527,8008090607347,SPIRA Body Family Natural Spray ml 100,0
81612,8008090607354,SPIRA BODY NATURAL CARE BRACCIALETTO con 2 ricambi,81
69642,8008090605053,SPIRA BODY NATURAL CARE GEL DOPOPUNTURA,84
69641,8008090605060,SPIRA BODY NATURAL CARE LOZ.REPELLENTE NAT,0
MK69642,8023868012703,"Spira Body Natural Care Lozione Lenitiva Dopo Puntura, Offerta Multipack 3 Confezioni",0
75982,8008090606876,SPIRA BODY NATURAL CARE SALVIETTE NATURALI 15 pz,0
MK75982,8023868012925,"Spira Body Natural Care Salviettine Alla Citronella, Offerta Multipack 3 Confezioni",0
75806,8008090606883,SPIRA BODY NATURAL SPRAY ESSENZE NATURALI ml 100,0
MK81527,8023868012888,"Spira Body Natural Spray profumo citronella Antizanzare, Offerta Multipack 3 Pezzi",0
81526,8008090607330,SPIRA Body Penna dopo Puntura Meduse ml 20,0
62859,8008090603998,SPIRA BODY REPELLENTE FAMILY VAPO 100 ml,0
57792,8008090604032,SPIRA BODY REPELLENTE TROPICAL SPRAY 100 ml,0
MK69313,8023868012918,"Spira Body Salviette Anti puntura alla Citronella, Offerta Multipack 3 Confezioni",0
69313,8008090604780,SPIRA BODY SALVIETTE ANTIZANZARE 15 pz,0
MK81612,8023868012581,"Spira Braccialetto al profumo di Citronella con 2 Ricambi, Offerta Multipack 2 Confezioni",0
MK76158,8023868012611,"Spira Cerotti Alla Citronella 18 pz Hello Kitty, Offerta Multipack 3 Confezioni",0
MK81522,8023868012628,"Spira Cerottini Citronella Body Natural Care, Offerta Multipack 3 Confezioni",0
MK75985,8023868012642,"Spira Coccio + 10 Spirali agli oli essenziali antizanzara, Offerta Multipack 3 Confezioni",0
MK76312,8023868012659,"Spira Diffusore Sequoia Assortito (Ger. o Lav.), Offerta Multipack 3 Confezioni",0
47933,8008090602083,SPIRA DOPO PUNTURA 20ml ROLL-ON,96
MK47933,8023868012734,"Spira Dopo Puntura Roll-On, Offerta Multipack 3 Pezzi",0
10139,800809002101302,SPIRA ELETTROEMANATORE+10 PSTR sf.,0
10132,8008090021013,SPIRA ELETTROEMANATORE+10 PSTR sf. (termato a 4),108
44683,8004130228053,SPIRA GIRASOLE ANTIMOSCHE sf.,0
MK64708,8023868012604,"Spira Green Bastoncini alla Citronella, Offerta Multipack 4 Confezioni",0
64708,8008090605718,SPIRA GREEN BASTONCINI CITRONELLA 4 pz,13
64705,8008090604209,SPIRA GREEN BIUSO BASE,6
81522,8008090607323,SPIRA GREEN BODY NATURAL CARE Cerottini Citronella,96
75985,8008090606890,SPIRA GREEN COCCIO + 10 SPIRALI,61
76312,8008090606906,SPIRA GREEN DIFFUSORE SEQUOIA  ASSORTITO (GER. + LAV.),72
70786,8008090605725,SPIRA GREEN DIFFUSORE SEQUOIA CITRONELLA,0
76043,8008090606913,SPIRA GREEN ELETTROEMANATORE + 10 PIASTRINE,56
64707,8008090604223,SPIRA GREEN PIASTRINE,44
MK64707,8023868012680,"Spira Green Piastrine Agli Oli Essenziali da 30pz, Offerta Multipack 10 Confezioni",0
MK64706,8023868012932,"Spira Green Ricarica Liquida Agli Oli Essenziali, Offerta Multipack 5 Confezioni",0
65311,8008090604230,SPIRA GREEN SPIRALI,33
64706,8008090604216,SPIRA GREN RICARICA LIQUIDA,0
MK81526,8023868012727,"Spira Lenitivo Meduse, Offerta Multipack 2 Confezioni",0
MK76157,8023868012710,"Spira Lozione Dopo puntura Baby Hello Kitty, Offerta Multipack 3 Pezzi",0
MK76159,8023868012598,"Spira Lozione Naturale Baby Hello Kitty, Offerta Multipack 3 Confezioni",0
MK47932,8023868012697,"Spira Lozione Oli Essenziali Spray No Gas, Offerta Multipack 3 Pezzi",0
47932,8008090602090,SPIRA LOZIONE REPELLENTE NAT.100ml,0
47063,8008090602038,SPIRA MEMBRANE x2 ANTI TARME,0
59433,8008090603219,SPIRA PIASTRINA ANTIZANZARE 60 PZ,0
44859,8008090044005,SPIRA PIASTRINE 2 PROFUMAZIONI TRMx6,113
75942,8008090606869,SPIRA PIASTRINE ANTIZANZARE 10 pz,102
MK75942,8023868012666,"Spira Piastrine Antizanzare da 10pz, Offerta Multipack 15 Confezioni",0
MK10254,8023868012673,"Spira Piastrine Antizanzare da 30pz, Offerta Multipack da 12 Confezioni",0
MK59433,8023868012789,"Spira Piastrine Antizanzare da 60pz, Offerta Multipack 4 Confezioni",0
MK44859,8023868012772,"Spira Piastrine Antizanzare Profumazioni Assortite da 30pz, Offerta Multipack 10 Confezioni",0
10254,8008090044012,SPIRA PIASTRINE sf.,90
MK69641,8023868012765,"Spira Protezione Naturale Oli Essenziali, Offerta Multipack 3 Pezzi",0
MK62859,8023868012758,"Spira Repellente Family contro Moscerini e Zanzare, Offerta Multipack 3 Pezzi",0
54036,8008090602915,SPIRA RICARICA LIQ x2. Sf.,97
10666,800809007915102,SPIRA RICARICA LIQ. Sf.,0
10663,8008090079151,SPIRA RICARICA LIQ. Sf. (termato a 3 pezzi),40
MK54036,8023868013090,"Spira Ricarica Liquida per Vaporizzatore Elettrico da 2pz, Offerta Multipack 3 Confezioni",0
MK10663,8023868012741,"Spira Ricarica per Vaporizzatore Elettrico, Offerta Multipack 5 Confezioni",0
10588,8008090071100,SPIRA ROTOLINI ANTIMOSCHE sf.,76
86247,8008090607637,SPIRA ROTOLONE PRENDI MOSCHE,42
MK26304,8023868012796,"Spira Spiralette Antizanzara da 10pz, Offerta Multipack 6 Confezioni",0
26304,8008090063013,SPIRA SPIRALETTE X24 sf.,95
MK65311,8023868012802,"Spira Spirali citronella agli oli essenziali antizanzara da 10pz, Offerta Multipack 10 Confezioni",0
61634,8008090603547,SPIRA TRAPPOLA RILEVA MOSCHE 2 PZ,0
MK86229,8023868012857,"Spira Vaporizzatore Elettrico Bi-Uso liquido e piastrine, Offerta Multipack 4 Confezioni",0
MK64705,8023868012840,"Spira Vaporizzatore Elettrico Con Ricarica Liquida, Offerta Multipack 3 Confezioni",0
IT6156,3121970133561,Stallatico Pelletta 10kg,0
B33315,8006933069420,STARTER KIT - VASETTI BIODEGRADABILI + PASTIGLIE DI COCCO,12
BR0014,7898963695202,Suculentas  - Fertilizante Líquido ml 250,0
BR0038,789896369520202,"Suculentas  - Fertilizante Líquido ml 250 (con formulato ""Unico"")",0
GT135,3353090115787,SUPERGREEN tg 6-8 - Linea Bambini,0
GT136,3353090115794,SUPERGREEN tg 9-11 - Linea Bambini,0
GT137,3353090115824,SUPERMAGNETICO tg 6-8 - Linea Bambini,0
GT138,3353090115831,SUPERMAGNETICO tg 9-11 - Linea Bambini,0
E0197,8006933027444,TAGETE ALTO DOPPIO GIALLO,19
E0247,8006933027949,TAGETE NANO DOPPIO ARANCIO,18
34884,8034052334884,"TAGLIERE IN LEGNO NATURALE 28X28XH.2,5CM",11
IT6152,3121970133523,Terriccio Argilla ES 10L,2
GT101,3353090089934,TRADITION tg 06,10
GT102,3353090089941,TRADITION tg 07,10
GT103,3353090089958,TRADITION tg 08,10
GT104,3353090089965,TRADITION tg 09,10
GT105,3353090089972,TRADITION tg 10,9
GT106,3353090089989,TRADITION tg 11,10
16298,3121970160307,Trappola a cattura protetta per topi,0
16244,3121970161182,Trappola per Talpe,0
SEM21,8023868005552,Trifoglio nanissimo g 500,23
E0107,8006933026072,VALERIANA,30
B33317,8006933069376,VASETTI BIODEGRADABILI IN COCCO 5 CM IN STRIP (4 strip da 6 vasetti),30
B33318,8006933069383,VASETTI BIODEGRADABILI IN COCCO 6 CM IN STRIP (3 strip da 6 vasetti),29
25633,8034052525633,"VASO DA APPENDERE ""BAZAR"" H.80XDIAM.23 CM ASSORTITO",18
43643,8034052243643,VASO IN CEMENTO CON MANICI IN CORDA DIAM.13XH.12 CM,16
43667,8034052243667,VASO IN CEMENTO CON MANICI IN CORDA GRANDE DIAM.18XH.16.5 CM,6
12122,8034052812122,VASO IN LATTA CON MANICI  DIAM.13XH.13CM COLORI ASSORTITI,36
12139,8034052812139,VASO IN LATTA CON MANICI  DIAM.17XH.14CM COLORI ASSORTITI,8
12146,8034052812146,VASO IN LATTA CON MANICI  DIAM.20.5XH.12CM COLORI ASSORTITI,24
12245,8034052812245,VASO IN LATTA DECORATO DIAM.16.5X14.5CM COLORI ASSORTITI,48
00921,8034052800921,VASO IN PIETRA DIAM.14XH.31CM,5
00945,8034052800945,VASO IN PIETRA DIAM.20XH.20CM,0
00938,8034052800938,VASO IN PIETRA DIAM.21XH.19CM,1
12184,8034052812184,VASO INNAFFIATOIO IN METALLO 28X13X13CM COLORI ASSORTITI,12
12276,8034052812276,VASO INNAFFIATOIO IN METALLO DECORATO 28X13X13CM COLORI ASSORTITI,11
B11117,8006933069284,"VASSOIO IN POLISTIRENE  ? 3,6 CM - 1 vassoio 52,5 x 30,5 x 3,5 cm",11
GT118,3353090089736,VISIBLE tg 10,0
GT119,3353090089743,VISIBLE tg 11,0
GT116,3353090089712,VISIBLE tg 8,0
GT117,3353090089729,VISIBLE tg 9,0
LGY01,8023868005118,Vithal 3Logy ml 250,0
PE029,8023868008287,Vithal 3logy PFnPE ml 100,0
PE030,8023868008294,Vithal 3logy PFnPE ml 20,0
AGP7,8023868003954,Vithal Agro-pyr ml 20 (**),0
PO002,8023868006955,Vithal Aleavi Diserbante Totale ml 200,0
PO003,8023868006979,Vithal Aleavi Diserbante Totale ml 400,0
PO009,8023868008782,Vithal Aleavi Diserbante Totale PFnPO ml 100,30
PE004,8023868006016,Vithal Anti Cimici ml 15,0
PO014,8023868013571,Vithal Antibruco Lt 1,0
ACO01,8023868005217,Vithal Anticocciniglia RTU ml 800,0
PE042,8023868008775,Vithal Antiperonosporico Sistemico g 200 (**),0
PE020,8023868007938,Vithal Armicarb RTU ml 750,0
PE024,8023868008232,Vithal Bacillus PFnPE g 10,0
PE025,8023868008249,Vithal Bacillus PFnPE g 50x2,0
6320,3121970164367,Vithal Bastinsect (20 pz x 1.25 g),0
CM017,8023868007327,Vithal Bio Abyss ml 250,32
CS010,8023868007990,Vithal Bio Aceto RTU ml 750,16
CS001,8023868005910,Vithal Bio Anti Muffa g 350,40
CS012,8023868008034,Vithal Bio Barriera Funghi RTU ml 750,5
CS013,8023868008058,Vithal Bio Barriera Insetti RTU ml 750,19
CM039,8023868008836,Vithal Bio Blackjak Bio fisioattivatore (200pz - 2 esp x 100pz) ml 20,381
CM010,8023868006719,Vithal Bio Blackjak ml 500,16
CS020,8023868013489,Vithal Bio Bolla Stop ml 50,0
CS002,8023868006733,Vithal Bio Caolino Kg 1,48
CS021,8023868013823,Vithal Bio Diatomite g 200,0
CS016,8023868008843,Vithal Bio Diatomite g 750,27
CM013,8023868006832,Vithal Bio Domineem ml 250,37
CS008,8023868007365,Vithal Bio Equisetum Arvense ml 250,46
CS006,8023868007303,Vithal Bio Lecitina 80 ml 250,87
CM029,8023868007914,Vithal Bio Neem Pin Bastineem (25 pz x 2 g),12
CM012,8023868006818,"Vithal Bio Neem Soil Kg 2,5",28
SP013,8023868013496,Vithal Bio Olio di Neem (1 esp x 100pz) ml 15,0
SP010,8023868008904,Vithal Bio Olio di Neem ml 250,29
CS009,8023868007976,Vithal Bio Olio di Neem RTU ml 750,37
CM038,8023868008829,Vithal Bio Orto Sano g 500,24
CS011,8023868008010,Vithal Bio Polvere di Neem g 800,36
CM040,8023868008867,Vithal Bio Prato Bello g 500,24
CM045,8023868013519,Vithal Bio Prato Sano gr 100,0
CS004,8023868006795,Vithal Bio Propoli ml 250,82
CS007,8023868007341,Vithal Bio Protezione Totale ml 500,0
CS018,802386800734102,Vithal Bio Protezione Totale ml 750 - NUOVO,94
CM044,8023868013502,Vithal Bio Rame e Zolfo ml 250,0
SP009,8023868008850,Vithal Bio Rame e Zolfo Plus RTU ml 750,12
CM011,8023868006771,Vithal Bio Sapone Molle ml 250,3
CS005,8023868007280,Vithal Bio Tannino ml 750,71
SP012,8023868013465,Vithal Bio Trappola Magica - 10 fogli,0
CM022,8023868007778,Vithal Bio Zeolite + Rame Kg 1,21
CM021,8023868007754,Vithal Bio Zeolite + Zolfo Kg 1,24
CS003,8023868006757,Vithal Bio Zeolite Kg 1,12
BLD3,8023868003725,Vithal BIOLID UP ml 100,0
PE032,802386800372502,Vithal BIOLID UP ml 100 (NE),0
BLD2,8023868003732,Vithal BIOLID UP ml 500,0
PE033,802386800373202,Vithal BIOLID UP ml 500 (NE),0
PE040,8023868008751,Vithal Bordoflow PFnPE ml 50 (**),0
PE041,8023868008768,Vithal Bordoflow PFnPE ml 800 (**),0
BRD5,8023868003060,Vithal BORDORAM 20 WG  gr 500 (**),0
PE036,802386800306002,Vithal BORDORAM 20 WG  gr 500 (**) (NE),0
BRD2,8023868003053,Vithal BORDORAM 20 WG gr 200  (**),0
PE023,8023868008225,Vithal Ciopper PFnPE ml 200,0
PE022,802386800448702,Vithal Ciopper PFnPE ml 50,0
PE039,8023868008485,Vithal Ciopper PFnPE ml 500,0
6198,3121970161137,Vithal Cip 750 ml,0
CLN1,8023868003749,Vithal CLINER ml 100,0
CLN2,8023868003756,Vithal CLINER ml 500,0
CLT1,8023868001851,Vithal COLLA PER TOPI gr 135,50
PE013,802386800180602,Vithal CUPRITAL S.D.I. ml 250  (*),0
CPT1,8023868001806,Vithal CUPRITAL S.D.I. ml 250  (*),0
CPT05,8023868004975,Vithal CUPRITAL S.D.I. ml 500 (*),0
DEM06,8023868004753,Vithal Demetrina Flow ml 10 (**),0
DEM10,8023868004760,Vithal Demetrina Flow ml 100 (**),0
DEM15,8023868004777,Vithal Demetrina Flow ml 200 (**),0
DS002,8023868006122,Vithal Disabituante Cani e Gatti gel  Lt 1,0
DS001,8023868006108,Vithal Disabituante Cani e Gatti ml 500,62
DS003,8023868006146,Vithal Disabituante Piccioni ml 500,56
DS004,8023868006160,Vithal Disabituante Rettili Gel Lt 1,0
PE031,8023868008300,Vithal Diserbo Totale PFnPE ml 500,0
PE001,802386800507102,Vithal Emerald 125 ml 5,0
PE002,802386800509502,Vithal Emerald 125 ml 50,0
EPK20,8023868004487,Vithal Epik SL ml 15,0
EPK35,8023868004548,Vithal Epik SL ml 250,0
PO005,8023868007167,Vithal Esca Lumachicida PFnPO gr 500,0
PO006,8023868007228,Vithal Esca Lumachicida PFnPO Kg 1,0
PF002,8023868008379,Vithal Expert 3logy ml 500,0
AGP4,8023868002308,Vithal Expert AGRO-PYR ml 100  (**),0
CS019,8023868008966,Vithal Expert Bolla Stop ml 400,0
CM033,8023868008416,Vithal Expert Calcio Liquido Kg 1,14
CS017,8023868008881,Vithal Expert Diatomite Kg 3,0
PE011,802386800509503,Vithal Expert Emerald 125 ml 50,0
PE010,802386800454802,Vithal Expert Epik SL ml 250,0
PF006,802386800454803,Vithal Expert Epik SL ml 250 (NE),0
PF001,802386800431902,Vithal Expert Ercole 1 Kg,0
AT001,8023868013458,Vithal Expert Erogatore Portaesche (22x14x75),0
NFL-AT001,802386801345802,Vithal Expert Erogatore Portaesche (22x14x75),0
ESCR3,8023868007488,Vithal Expert Esca Regina Lumachicida PFnPE gr 500,0
ESCR1,8023868007501,Vithal Expert Esca Regina Lumachicida PFnPE Kg 1,0
ESCR2,8023868007525,Vithal Expert Esca Regina Lumachicida PFnPE Kg 5,0
FXT1,8023868002889,Vithal Expert FOXTAIL ml 250,0
CM032,8023868008362,Vithal Expert Frutti Fixer Kg 1,22
CS015,8023868008430,Vithal Expert FungiBio Kg 1,20
PF010,8023868013557,Vithal Expert Insetticida Bassa Carenza ml 250,0
OIK2,8023868004210,Vithal Expert OIKOS ml 100,0
PF009,802386800421003,Vithal Expert OIKOS ml 100,0
PE012,802386800421002,Vithal Expert OIKOS ml 100,0
SP011,8023868008980,Vithal Expert Olio di Neem Lt 1,0
PST10,8023868000571,Vithal Expert PASTA LUMACH. bianca Kg 5 (**),0
PF007,8023868000564,Vithal Expert Pasta Lumachicida Bianca Kg 1 (**),0
CM034,8023868008423,Vithal Expert Rame e Zolfo Kg 1,0
CM030,8023868008096,Vithal Expert Rame WP Kg 1,26
CS014,8023868008355,Vithal Expert Sapone Molle L 1,49
CM036,8023868008454,Vithal Expert Sempreverde Mix Kg 1,0
SP008,8023868008409,Vithal Expert Trappola Magica - 10 fogli,40
PF008,8023868008898,Vithal Expert Trebon Up ml 50,0
PF005,8023868005484,Vithal Expert Turfene Plus ml 500 (**),0
BC006,8023868013335,"Vithal Expert Ultrabrodi pasta Kg 1,5",0
BC007,8023868013342,"Vithal Expert Ultrabrodi pasta Kg 1,5 (500 gr x 3)",0
BC008,8023868013359,"Vithal Expert Ultrabroma Grano Pro Kg 1,5",0
VTR05,8023868008386,Vithal Expert VITENE TRIPLO R 500 gr,0
PF004,8023868008393,Vithal Expert Vitene Ultra SC ml 250,0
CM041,8023868008874,Vithal Expert Zeolite + Rame Kg 5 (4 pz),1
CM031,8023868008331,Vithal Expert Zolfo WG Kg 1,1
PO013,8023868013564,Vithal Farfalla del Geranio Lt 1,0
FDG01,8023868005255,Vithal Farfalla del Geranio RTU ml 800,0
PE037,802386800688702,Vithal Filal Wg g 200 (NE),0
PE009,8023868006887,Vithal Filal Wg g 250,0
PE015,8023868007259,Vithal Fungicida Naturale contro i marciumi g 250,0
PE035,802386800725902,Vithal Fungicida Naturale contro i marciumi g 250 (NE),0
PE014,8023868007242,Vithal Fungicida Prato 0 macchie g 250,0
PE034,802386800724202,Vithal Fungicida Prato 0 macchie g 250 (NE),0
PO012,8023868013533,Vithal Fungicida Sistemico PFnPO ml 750,0
PE007,8023868006665,Vithal Geater Star g 500 (**),0
6346,3121970164572,Vithal Lumachicida Limex PFnPE Kg 1,0
D6346,3121970184365,Vithal Lumachicida Limex PFnPE NE Kg 1,0
PO011,8023868013366,Vithal Lumachicida PFnPO g 200,0
PO010,8023868008317,Vithal Lumachicida PFnPO g 200,9
SP003,8023868006085,Vithal MASTER gr 250,120
SP006,8023868007389,Vithal MASTER kg 1,40
MTF3,8023868003701,Vithal METAFLOR gr 500,0
OIK20,8023868005514,Vithal OIKOS ml 20,0
PST11,8023868003695,Vithal PASTA LUMACH. gr 500,0
PST9,802386800056402,Vithal PASTA LUMACH. Kg 1,0
PE044,8023868008973,Vithal Piralide del Bosso g 10,0
PIR02,8023868005231,Vithal Piralide del Bosso ml 100,0
PO008,8023868008324,Vithal Piretro Garden PFnPO ml 750,19
PE021,8023868008201,Vithal Piretro PFnPO ml 15,0
6968,3121970156386,Vithal Polysect Ultra AL ml 800,0
6895,3121970149654,Vithal Polysect Ultra SL ml 100,0
6985,3121970182927,Vithal Polysect Ultra SL ml 250,0
PO004,8023868006993,Vithal Popillia Japonica ml 100,0
PO001,8023868006559,Vithal Protezione Totale ml 750,0
PE028,8023868008270,Vithal Rame Liquido PFnPE L 1 (**),0
RP002,8023868008935,Vithal Repellente Cane e Gatto g 200,29
RP001,8023868008928,Vithal Repellente Cane e Gatto g 400,0
RP004,8023868008959,Vithal repellente Spray cane e gatto ml 250,27
RP003,8023868008942,Vithal repellente Spray cane e gatto ml 500,0
DS005,8023868006856,"Vithal Rodibait New Kg 1,5",49
TSL1,8023868003947,Vithal Tiosol 80 WG gr 200,0
TSL2,8023868004036,Vithal Tiosol 80 WG gr 500,0
TRF01,8023868005460,Vithal Turfene Plus ml 100,0
TRF50,802386800548402,Vithal Turfene Plus ml 500,0
PE045,8023868013526,Vithal Xedavir Marciume radicale g 50,0
PE027,8023868008263,Vithal Zolfo Liquido PFnPE L 1 (**),0
PE026,8023868008256,Vithal Zolfo Liquido PFnPE ml 100 (**),0
48216,8004130227834,VULCANO BASTONCINI CITRON.IN ASTUCCIO,50
18206,8002840182061,VULCANO COCCIO + 10 SPIRALI,0
10580,8008090066038,VULCANO COCCIO + 10 SPIRALI,188
MK10580,8023868012819,"Vulcano Coccio + 10 Spirali antizanzara, Offerta Multipack 3 Confezioni",0
MK20217,8023868012901,"Vulcano Spirali Antizanzara Extra, Offerta Multipack 10 Confezioni",0
MK44858,8023868012895,"Vulcano Spirali Antizanzara Profumazioni Assortite, Offerta Multipack 10 Confezioni",0
18204,8002840182047,VULCANO SPIRALI PROF.ASS. x 30 TRMx10,120
44858,8008090063495,VULCANO SPIRALI PROF.ASS. x 30 TRMx10,647
20217,800809006348802,VULCANO SPIRALI X10 sf. (termato a 10 pezzi),0
20216,8008090063488,VULCANO SPIRALI X24 sf.,480
18202,8002840040606,VULCANO SPIRALI X60 (termato a 10 pezzi),0
E0155,8006933027017,ZINNIA GIGANTE CALIFORNIA IN MISCUGLIO,0
